{
    "version": "1.4.0",
    "project": {
        "name": "blackjackCore",
        "directory": "/home/jakub/scala_in_practice/lab_09/core",
        "workspaceDir": "/home/jakub/scala_in_practice/lab_09",
        "sources": [
            "/home/jakub/scala_in_practice/lab_09/core/src/main/scala",
            "/home/jakub/scala_in_practice/lab_09/core/src/main/scala-2.12",
            "/home/jakub/scala_in_practice/lab_09/core/src/main/scala-2",
            "/home/jakub/scala_in_practice/lab_09/core/src/main/java",
            "/home/jakub/scala_in_practice/lab_09/core/target/scala-2.12/src_managed/main"
        ],
        "dependencies": [
            
        ],
        "classpath": [
            "/home/jakub/.sbt/boot/scala-2.12.14/lib/scala-library.jar"
        ],
        "out": "/home/jakub/scala_in_practice/lab_09/.bloop/blackjackCore",
        "classesDir": "/home/jakub/scala_in_practice/lab_09/.bloop/blackjackCore/scala-2.12/classes",
        "resources": [
            "/home/jakub/scala_in_practice/lab_09/core/src/main/resources",
            "/home/jakub/scala_in_practice/lab_09/core/target/scala-2.12/resource_managed/main"
        ],
        "scala": {
            "organization": "org.scala-lang",
            "name": "scala-compiler",
            "version": "2.12.14",
            "options": [
                
            ],
            "jars": [
                "/home/jakub/.sbt/boot/scala-2.12.14/lib/scala-library.jar",
                "/home/jakub/.sbt/boot/scala-2.12.14/lib/scala-compiler.jar",
                "/home/jakub/.sbt/boot/scala-2.12.14/lib/scala-xml_2.12-1.0.6.jar",
                "/home/jakub/.sbt/boot/scala-2.12.14/lib/scala-reflect.jar"
            ],
            "setup": {
                "order": "mixed",
                "addLibraryToBootClasspath": true,
                "addCompilerToClasspath": false,
                "addExtraJarsToClasspath": false,
                "manageBootClasspath": true,
                "filterLibraryFromClasspath": true
            }
        },
        "java": {
            "options": [
                
            ]
        },
        "test": {
            "frameworks": [
                {
                    "names": [
                        "org.scalacheck.ScalaCheckFramework"
                    ]
                },
                {
                    "names": [
                        "org.specs2.runner.Specs2Framework",
                        "org.specs2.runner.SpecsFramework"
                    ]
                },
                {
                    "names": [
                        "org.specs.runner.SpecsFramework"
                    ]
                },
                {
                    "names": [
                        "org.scalatest.tools.Framework",
                        "org.scalatest.tools.ScalaTestFramework"
                    ]
                },
                {
                    "names": [
                        "com.novocode.junit.JUnitFramework"
                    ]
                },
                {
                    "names": [
                        "munit.Framework"
                    ]
                }
            ],
            "options": {
                "excludes": [
                    
                ],
                "arguments": [
                    
                ]
            }
        },
        "platform": {
            "name": "jvm",
            "config": {
                "home": "/home/jakub/.jabba/jdk/adopt@1.8.0-292/jre",
                "options": [
                    "-Duser.dir=/home/jakub/scala_in_practice/lab_09"
                ]
            },
            "mainClass": [
                
            ]
        },
        "resolution": {
            "modules": [
                {
                    "organization": "org.scala-lang",
                    "name": "scala-library",
                    "version": "2.12.14",
                    "configurations": "default",
                    "artifacts": [
                        {
                            "name": "scala-library",
                            "path": "/home/jakub/.sbt/boot/scala-2.12.14/lib/scala-library.jar"
                        },
                        {
                            "name": "scala-library",
                            "classifier": "sources",
                            "path": "/home/jakub/.cache/coursier/v1/https/repo1.maven.org/maven2/org/scala-lang/scala-library/2.12.14/scala-library-2.12.14-sources.jar"
                        }
                    ]
                },
                {
                    "organization": "org.scala-lang",
                    "name": "scala-library",
                    "version": "2.12.14",
                    "configurations": "optional",
                    "artifacts": [
                        {
                            "name": "scala-library",
                            "path": "/home/jakub/.sbt/boot/scala-2.12.14/lib/scala-library.jar"
                        },
                        {
                            "name": "scala-library",
                            "classifier": "sources",
                            "path": "/home/jakub/.cache/coursier/v1/https/repo1.maven.org/maven2/org/scala-lang/scala-library/2.12.14/scala-library-2.12.14-sources.jar"
                        }
                    ]
                }
            ]
        },
        "tags": [
            "library"
        ]
    }
}