{
    "version": "1.4.0",
    "project": {
        "name": "blackjack",
        "directory": "/home/jakub/scala_in_practice/lab_09",
        "workspaceDir": "/home/jakub/scala_in_practice/lab_09",
        "sources": [
            "/home/jakub/scala_in_practice/lab_09/src/main/scala",
            "/home/jakub/scala_in_practice/lab_09/src/main/scala-2.12",
            "/home/jakub/scala_in_practice/lab_09/src/main/scala-2",
            "/home/jakub/scala_in_practice/lab_09/src/main/java",
            "/home/jakub/scala_in_practice/lab_09/target/scala-2.12/src_managed/main"
        ],
        "dependencies": [
            "blackjackCore"
        ],
        "classpath": [
            "/home/jakub/scala_in_practice/lab_09/.bloop/blackjackCore/scala-2.12/classes",
            "/home/jakub/.sbt/boot/scala-2.12.14/lib/scala-library.jar",
            "/home/jakub/.cache/coursier/v1/https/repo1.maven.org/maven2/org/scoverage/scalac-scoverage-runtime_2.12/1.3.1/scalac-scoverage-runtime_2.12-1.3.1.jar"
        ],
        "out": "/home/jakub/scala_in_practice/lab_09/.bloop/blackjack",
        "classesDir": "/home/jakub/scala_in_practice/lab_09/.bloop/blackjack/scala-2.12/classes",
        "resources": [
            "/home/jakub/scala_in_practice/lab_09/src/main/resources",
            "/home/jakub/scala_in_practice/lab_09/target/scala-2.12/resource_managed/main"
        ],
        "scala": {
            "organization": "org.scala-lang",
            "name": "scala-compiler",
            "version": "2.12.14",
            "options": [
                "-encoding",
                "utf8",
                "-Xfatal-warnings",
                "-deprecation",
                "-unchecked",
                "-Xplugin:/home/jakub/.cache/coursier/v1/https/repo1.maven.org/maven2/org/scoverage/scalac-scoverage-plugin_2.12/1.3.1/scalac-scoverage-plugin_2.12-1.3.1.jar",
                "-P:scoverage:dataDir:/home/jakub/scala_in_practice/lab_09/target/scala-2.12/scoverage-data",
                "-Yrangepos"
            ],
            "jars": [
                "/home/jakub/.sbt/boot/scala-2.12.14/lib/scala-library.jar",
                "/home/jakub/.sbt/boot/scala-2.12.14/lib/scala-compiler.jar",
                "/home/jakub/.sbt/boot/scala-2.12.14/lib/scala-xml_2.12-1.0.6.jar",
                "/home/jakub/.sbt/boot/scala-2.12.14/lib/scala-reflect.jar"
            ],
            "setup": {
                "order": "mixed",
                "addLibraryToBootClasspath": true,
                "addCompilerToClasspath": false,
                "addExtraJarsToClasspath": false,
                "manageBootClasspath": true,
                "filterLibraryFromClasspath": true
            }
        },
        "java": {
            "options": [
                
            ]
        },
        "test": {
            "frameworks": [
                {
                    "names": [
                        "org.scalacheck.ScalaCheckFramework"
                    ]
                },
                {
                    "names": [
                        "org.specs2.runner.Specs2Framework",
                        "org.specs2.runner.SpecsFramework"
                    ]
                },
                {
                    "names": [
                        "org.specs.runner.SpecsFramework"
                    ]
                },
                {
                    "names": [
                        "org.scalatest.tools.Framework",
                        "org.scalatest.tools.ScalaTestFramework"
                    ]
                },
                {
                    "names": [
                        "com.novocode.junit.JUnitFramework"
                    ]
                },
                {
                    "names": [
                        "munit.Framework"
                    ]
                }
            ],
            "options": {
                "excludes": [
                    
                ],
                "arguments": [
                    
                ]
            }
        },
        "platform": {
            "name": "jvm",
            "config": {
                "home": "/home/jakub/.jabba/jdk/adopt@1.8.0-292/jre",
                "options": [
                    "-Duser.dir=/home/jakub/scala_in_practice/lab_09"
                ]
            },
            "mainClass": [
                
            ]
        },
        "resolution": {
            "modules": [
                {
                    "organization": "org.scala-lang",
                    "name": "scala-library",
                    "version": "2.12.14",
                    "configurations": "default",
                    "artifacts": [
                        {
                            "name": "scala-library",
                            "path": "/home/jakub/.sbt/boot/scala-2.12.14/lib/scala-library.jar"
                        },
                        {
                            "name": "scala-library",
                            "classifier": "sources",
                            "path": "/home/jakub/.cache/coursier/v1/https/repo1.maven.org/maven2/org/scala-lang/scala-library/2.12.14/scala-library-2.12.14-sources.jar"
                        }
                    ]
                },
                {
                    "organization": "org.scoverage",
                    "name": "scalac-scoverage-runtime_2.12",
                    "version": "1.3.1",
                    "configurations": "default",
                    "artifacts": [
                        {
                            "name": "scalac-scoverage-runtime_2.12",
                            "path": "/home/jakub/.cache/coursier/v1/https/repo1.maven.org/maven2/org/scoverage/scalac-scoverage-runtime_2.12/1.3.1/scalac-scoverage-runtime_2.12-1.3.1.jar"
                        },
                        {
                            "name": "scalac-scoverage-runtime_2.12",
                            "classifier": "sources",
                            "path": "/home/jakub/.cache/coursier/v1/https/repo1.maven.org/maven2/org/scoverage/scalac-scoverage-runtime_2.12/1.3.1/scalac-scoverage-runtime_2.12-1.3.1-sources.jar"
                        }
                    ]
                },
                {
                    "organization": "org.scala-lang",
                    "name": "scala-library",
                    "version": "2.12.14",
                    "configurations": "optional",
                    "artifacts": [
                        {
                            "name": "scala-library",
                            "path": "/home/jakub/.sbt/boot/scala-2.12.14/lib/scala-library.jar"
                        },
                        {
                            "name": "scala-library",
                            "classifier": "sources",
                            "path": "/home/jakub/.cache/coursier/v1/https/repo1.maven.org/maven2/org/scala-lang/scala-library/2.12.14/scala-library-2.12.14-sources.jar"
                        }
                    ]
                }
            ]
        },
        "tags": [
            "library"
        ]
    }
}